area,la_city,covid_cases,covid_per_1k,lacounty_rate,Population,Share 65+,pct_white,pct_black,pct_latino,pct_asian,below_poverty_line,hh_overcrowding,avg_hh_size,housing_units,sq_mileage,housing_density,pop_density
Long Beach,No,875,1.86,1.86,470990,0.11,0.28,0.12,0.43,0.13,0.18,0.11,2.96,175951,52.10,3377,9040
Glendale,No,697,3.48,3.38,200372,0.17,0.61,0.02,0.18,0.16,0.15,0.07,2.75,77781,30.60,2542,6548
San Pedro,Yes,634,7.54,8.12,84092,0.15,0.34,0.06,0.49,0.06,0.16,0.07,2.70,33741,12.10,2789,6950
Pasadena,No,501,3.50,3.50,143173,0.16,0.37,0.10,0.34,0.16,0.16,0.06,2.57,61200,25.10,2438,5704
Palmdale,No,491,3.02,3.09,162358,0.09,0.21,0.12,0.60,0.04,0.18,0.09,3.62,48777,134.40,363,1208
Sylmar,Yes,466,5.62,5.66,82919,0.11,0.12,0.03,0.79,0.05,0.14,0.12,3.89,22301,12.50,1784,6634
Santa Clarita,No,463,2.39,2.10,193664,0.11,0.47,0.04,0.34,0.11,0.09,0.07,3.08,64216,57.40,1119,3374
North Hollywood,Yes,463,6.09,3.06,76039,0.10,0.33,0.06,0.51,0.07,0.20,0.14,2.73,31959,5.90,5417,12888
East Los Angeles,No,454,3.87,3.62,117348,0.11,0.02,0.00,0.97,0.01,0.21,0.19,3.88,32370,7.50,4316,15646
Van Nuys,Yes,429,3.82,4.60,112311,0.09,0.22,0.04,0.65,0.07,0.23,0.20,3.08,38226,9.00,4247,12479
Inglewood,No,413,3.75,3.64,110193,0.12,0.04,0.40,0.52,0.02,0.19,0.11,3.03,38339,9.10,4213,12109
Panorama City,Yes,403,5.63,5.36,71639,0.10,0.09,0.03,0.73,0.15,0.24,0.22,3.71,20289,3.60,5636,19900
Pacoima,Yes,397,4.77,5.16,83236,0.10,0.03,0.04,0.89,0.03,0.21,0.25,4.67,18968,7.10,2672,11723
Lancaster,No,394,2.53,2.44,155605,0.10,0.33,0.21,0.39,0.04,0.24,0.04,3.11,52557,102.40,513,1520
Canoga Park,Yes,365,5.44,5.59,67121,0.10,0.25,0.04,0.55,0.14,0.18,0.18,3.25,22959,4.30,5339,15610
Westlake,Yes,338,3.09,5.69,109416,0.10,0.07,0.04,0.69,0.18,0.33,0.37,2.92,41194,2.70,15257,40524
Pico-Union,Yes,336,7.45,8.03,45071,0.10,0.03,0.03,0.84,0.11,0.31,0.38,3.26,14640,1.70,8612,26512
Torrance,No,311,2.12,2.08,146392,0.17,0.39,0.02,0.17,0.35,0.07,0.06,2.68,58283,20.60,2829,7106
South Gate,No,304,3.20,3.10,95103,0.09,0.03,0.01,0.95,0.01,0.19,0.24,4.06,24385,7.40,3295,12852
Reseda,Yes,298,4.04,3.89,73705,0.12,0.29,0.04,0.53,0.12,0.17,0.16,3.34,22549,5.90,3822,12492
Burbank,No,291,2.79,2.72,104275,0.15,0.57,0.03,0.25,0.12,0.11,0.05,2.56,43595,17.30,2520,6027
Florence-Firestone,No,288,4.49,4.45,64162,0.07,0.01,0.07,0.91,0.00,0.28,0.33,4.34,15277,3.60,4244,17823
Boyle Heights,Yes,286,3.06,3.29,93528,0.10,0.03,0.01,0.93,0.03,0.28,0.27,3.83,25640,6.50,3945,14389
Carson,No,285,3.10,3.04,92038,0.16,0.07,0.22,0.38,0.27,0.10,0.10,3.73,25988,19.10,1361,4819
Downey,No,271,2.40,2.37,112901,0.12,0.14,0.04,0.74,0.07,0.10,0.12,3.45,34473,12.50,2758,9032
Compton,No,266,2.42,2.66,109715,0.09,0.01,0.30,0.67,0.01,0.22,0.20,4.18,27807,10.30,2700,10652
Lynwood,No,255,3.52,3.54,72447,0.08,0.02,0.08,0.88,0.01,0.20,0.26,4.46,16120,4.90,3290,14785
Pico Rivera,No,249,3.86,3.87,64564,0.15,0.06,0.01,0.89,0.03,0.10,0.14,3.72,17567,8.80,1996,7337
Hawthorne,No,240,2.67,2.70,89819,0.09,0.09,0.23,0.55,0.08,0.16,0.18,3.00,31233,6.20,5038,14487
Pomona,No,239,1.56,1.53,152823,0.10,0.12,0.06,0.71,0.10,0.20,0.18,3.95,40076,22.90,1750,6673
Norwalk,No,236,2.21,2.19,106806,0.12,0.11,0.04,0.70,0.13,0.13,0.17,3.84,28663,9.80,2925,10899
North Hills,Yes,232,3.90,3.77,59483,0.09,0.16,0.03,0.65,0.14,0.21,0.23,3.77,16067,5.30,3032,11223
El Monte,No,216,1.86,1.84,116308,0.12,0.04,0.00,0.65,0.29,0.21,0.21,3.89,31114,9.70,3208,11991
Hollywood,Yes,212,2.80,3.11,75678,0.10,0.46,0.07,0.36,0.08,0.23,0.12,2.03,44027,3.50,12579,21622
Northridge,Yes,208,3.21,2.98,64725,0.13,0.38,0.07,0.35,0.17,0.15,0.08,3.11,21956,9.50,2311,6813
Santa Monica,No,206,2.24,2.23,92078,0.17,0.65,0.04,0.16,0.10,0.10,0.03,2.01,50901,8.60,5919,10707
Montebello,No,204,3.11,3.17,65534,0.15,0.08,0.01,0.77,0.13,0.13,0.13,3.20,21133,8.50,2486,7710
Winnetka,Yes,199,3.38,3.84,58803,0.12,0.24,0.04,0.53,0.17,0.14,0.15,3.32,18571,4.80,3869,12251
Huntington Park,No,196,3.34,3.30,58694,0.08,0.02,0.01,0.97,0.01,0.26,0.34,4.15,14976,3.00,4992,19565
Sun Valley,Yes,184,2.58,3.51,71384,0.11,0.19,0.02,0.71,0.07,0.19,0.18,3.72,20185,9.40,2147,7594
Gardena,No,177,2.95,2.89,59924,0.16,0.10,0.23,0.38,0.25,0.15,0.10,2.84,21441,5.80,3697,10332
Florence,Yes,177,3.30,3.73,53591,0.05,0.01,0.18,0.80,0.00,0.32,0.28,4.34,13173,2.80,4705,19140
Historic South-Central,Yes,174,3.87,4.46,44932,0.06,0.01,0.06,0.91,0.01,0.36,0.36,4.18,11200,2.60,4308,17282
Bellflower,No,171,2.21,2.20,77529,0.11,0.16,0.13,0.55,0.13,0.14,0.15,3.32,25209,6.20,4066,12505
Paramount,No,171,3.12,3.05,54776,0.08,0.05,0.09,0.82,0.03,0.19,0.19,3.88,15041,4.90,3070,11179
Koreatown,Yes,170,1.70,3.29,99964,0.10,0.09,0.05,0.45,0.39,0.23,0.24,2.47,45571,2.70,16878,37024
Harvard Park,Yes,170,52.57,4.48,3234,0.15,0.01,0.40,0.58,0.00,0.19,0.07,2.98,1054,0.60,1757,5390
Vermont Vista,Yes,166,6.17,4.03,26920,0.08,0.01,0.33,0.64,0.00,0.33,0.20,3.48,7822,1.60,4889,16825
West Covina,No,164,1.65,1.52,99274,0.14,0.12,0.04,0.55,0.27,0.09,0.08,3.56,28983,16.10,1800,6166
Castaic,No,163,12.13,5.99,13436,0.09,0.55,0.04,0.26,0.11,0.04,0.01,3.48,4070,5.50,740,2443
Whittier,No,163,1.96,1.86,83061,0.14,0.23,0.01,0.70,0.05,0.11,0.08,3.08,27881,14.70,1897,5650
Sherman Oaks,Yes,163,2.22,1.87,73516,0.15,0.69,0.05,0.14,0.08,0.08,0.02,2.19,35371,9.10,3887,8079
East Hollywood,Yes,162,2.43,5.53,66648,0.12,0.21,0.03,0.56,0.18,0.24,0.27,2.73,25420,2.40,10592,27770
Exposition Park,Yes,157,4.58,3.50,34253,0.10,0.03,0.21,0.69,0.04,0.29,0.16,3.42,10407,1.80,5782,19029
Palms,Yes,155,3.63,3.53,42641,0.08,0.43,0.08,0.21,0.23,0.12,0.08,1.99,22805,1.90,12003,22443
South Park,Yes,154,3.97,4.06,38810,0.05,0.01,0.11,0.87,0.00,0.37,0.31,4.21,9543,1.40,6816,27721
Valley Village,Yes,152,7.22,6.15,21039,0.14,0.60,0.06,0.24,0.06,0.13,0.04,2.16,10286,2.10,4898,10019
Lincoln Heights,Yes,150,6.04,4.60,24852,0.13,0.04,0.00,0.69,0.26,0.26,0.18,3.36,7749,2.50,3100,9941
Granada Hills,Yes,149,2.57,2.56,58088,0.17,0.43,0.04,0.33,0.17,0.08,0.05,3.13,19743,15.10,1307,3847
Arleta,Yes,147,4.46,4.28,32949,0.11,0.06,0.01,0.82,0.09,0.11,0.21,4.48,7329,3.10,2364,10629
Bell,No,146,4.14,4.02,35270,0.08,0.04,0.01,0.93,0.01,0.23,0.26,3.96,9095,2.60,3498,13565
West Hollywood,No,144,3.96,3.90,36384,0.15,0.75,0.04,0.11,0.06,0.13,0.01,1.59,25781,1.90,13569,19149
West Adams,Yes,142,6.24,5.14,22746,0.11,0.06,0.26,0.65,0.02,0.24,0.14,2.92,8447,1.50,5631,15164
Watts,Yes,135,2.98,3.16,45364,0.06,0.01,0.23,0.74,0.01,0.40,0.23,4.38,11120,2.10,5295,21602
Silver Lake,Yes,132,4.41,2.99,29950,0.13,0.50,0.03,0.28,0.16,0.09,0.06,2.21,14422,2.70,5341,11093
Glassell Park,Yes,131,4.61,4.15,28386,0.13,0.18,0.01,0.59,0.19,0.18,0.15,3.19,9595,2.80,3427,10138
Bell Gardens,No,129,3.03,3.00,42641,0.07,0.03,0.01,0.95,0.01,0.30,0.30,4.40,9877,2.50,3951,17056
Baldwin Park,No,128,1.71,1.67,74901,0.12,0.04,0.02,0.74,0.19,0.14,0.20,4.30,18457,6.80,2714,11015
Lake Balboa,Yes,128,4.49,3.03,28523,0.13,0.37,0.04,0.44,0.11,0.12,0.08,3.02,9942,3.10,3207,9201
Woodland Hills,Yes,128,2.17,1.88,59012,0.18,0.68,0.05,0.13,0.11,0.07,0.03,2.57,24872,14.80,1681,3987
San Fernando,No,125,5.08,5.08,24585,0.10,0.04,0.02,0.92,0.01,0.15,0.17,3.90,6893,2.40,2872,10244
Wilmington,Yes,122,2.17,2.16,56151,0.08,0.05,0.02,0.90,0.02,0.22,0.31,3.86,14699,9.10,1615,6170
Redondo Beach,No,117,1.73,1.70,67700,0.13,0.62,0.03,0.17,0.12,0.05,0.02,2.42,29979,6.20,4835,10919
Beverly Hills,No,116,3.38,3.36,34362,0.22,0.79,0.01,0.06,0.10,0.10,0.03,2.44,17744,5.70,3113,6028
Chatsworth,Yes,116,2.20,3.13,52706,0.19,0.48,0.04,0.23,0.20,0.06,0.03,2.83,18967,15.20,1248,3468
El Sereno,Yes,115,2.82,2.75,40776,0.14,0.08,0.01,0.80,0.10,0.20,0.16,3.45,12206,4.20,2906,9709
Alhambra,No,110,1.29,1.27,84974,0.17,0.09,0.02,0.38,0.50,0.14,0.12,2.92,31394,7.60,4131,11181
Highland Park,Yes,108,2.04,2.23,53047,0.10,0.13,0.01,0.73,0.10,0.18,0.18,3.21,17408,3.40,5120,15602
Eagle Rock,Yes,108,3.20,2.73,33724,0.17,0.30,0.01,0.39,0.27,0.10,0.08,2.90,11623,4.30,2703,7843
Sunland,Yes,108,5.28,5.29,20441,0.19,0.57,0.04,0.27,0.09,0.12,0.05,2.72,7532,4.00,1883,5110
Covina,No,105,1.86,2.14,56367,0.14,0.23,0.04,0.58,0.13,0.10,0.09,3.21,18300,7.60,2408,7417
University Park,Yes,103,4.07,3.75,25307,0.06,0.28,0.06,0.33,0.29,0.53,0.20,2.80,6259,1.20,5216,21089
Lakewood,No,99,1.18,1.23,83934,0.13,0.35,0.07,0.35,0.18,0.07,0.05,3.13,28252,9.50,2974,8835
South Pasadena,No,99,3.83,3.80,25824,0.14,0.42,0.03,0.20,0.29,0.09,0.03,2.58,10893,3.40,3204,7595
Monterey Park,No,98,1.57,1.57,62602,0.21,0.04,0.00,0.29,0.65,0.14,0.10,3.11,21983,7.70,2855,8130
Valley Glen,Yes,97,1.70,3.23,57205,0.13,0.50,0.04,0.38,0.05,0.19,0.12,2.85,21001,4.80,4375,11918
Encino,Yes,97,2.00,2.15,48544,0.20,0.74,0.03,0.12,0.08,0.09,0.03,2.51,20709,9.50,2180,5110
Azusa,No,96,2.21,1.92,43402,0.10,0.14,0.02,0.72,0.10,0.14,0.14,3.70,12693,9.90,1282,4384
Cudahy,No,96,4.00,3.94,24016,0.07,0.03,0.00,0.96,0.00,0.28,0.29,4.35,5775,1.20,4813,20013
Culver City,No,93,2.34,2.33,39733,0.16,0.47,0.08,0.24,0.16,0.07,0.05,2.43,17575,5.20,3380,7641
Mission Hills,Yes,90,4.69,3.73,19199,0.15,0.19,0.02,0.68,0.10,0.10,0.10,3.54,5513,3.20,1723,6000
Hyde Park,Yes,89,2.48,3.12,35852,0.15,0.02,0.54,0.40,0.01,0.24,0.08,2.69,14758,2.90,5089,12363
Tujunga,Yes,88,3.48,3.16,25287,0.15,0.60,0.02,0.30,0.06,0.16,0.07,2.70,10070,10.00,1007,2529
Green Meadows,Yes,87,2.13,4.05,40766,0.07,0.01,0.27,0.71,0.00,0.27,0.22,4.17,10414,2.20,4734,18530
Tarzana,Yes,87,2.18,2.82,39820,0.18,0.65,0.04,0.18,0.08,0.11,0.07,2.74,15499,8.80,1761,4525
Altadena,No,86,1.94,1.97,44389,0.17,0.39,0.22,0.27,0.07,0.08,0.05,2.93,16299,8.70,1873,5102
Baldwin Hills/Crenshaw,Yes,85,2.72,2.73,31250,0.15,0.07,0.58,0.27,0.05,0.24,0.08,2.24,15379,2.90,5303,10776
Duarte,No,84,3.87,3.82,21713,0.19,0.24,0.07,0.49,0.17,0.11,0.07,3.20,7326,6.70,1093,3241
Downtown,Yes,84,1.65,3.05,50818,0.13,0.27,0.16,0.26,0.26,0.34,0.14,1.80,32867,5.80,5667,8762
Maywood,No,83,3.01,2.96,27542,0.07,0.02,0.01,0.98,0.00,0.26,0.35,4.12,6874,1.20,5728,22952
South Whittier,No,81,1.36,1.37,59456,0.11,0.15,0.01,0.77,0.05,0.10,0.16,3.87,15866,5.40,2938,11010
Harbor Gateway,Yes,81,1.94,1.86,41732,0.11,0.07,0.15,0.57,0.17,0.22,0.19,3.41,13228,5.10,2594,8183
Monrovia,No,77,2.08,1.98,37044,0.13,0.36,0.05,0.43,0.13,0.08,0.05,2.86,13716,13.90,987,2665
Westchester,Yes,76,1.89,1.47,40112,0.13,0.49,0.14,0.19,0.14,0.09,0.03,2.47,16722,10.80,1548,3714
La Mirada,No,75,1.53,1.51,48974,0.17,0.34,0.02,0.41,0.19,0.07,0.09,3.29,14692,7.80,1884,6279
Lawndale,No,75,2.27,2.23,33007,0.10,0.15,0.10,0.62,0.10,0.14,0.16,3.35,10372,2.00,5186,16504
Rancho Palos Verdes,No,75,1.67,1.75,44986,0.26,0.52,0.02,0.12,0.29,0.05,0.02,2.66,17858,13.40,1333,3357
West Carson,No,74,3.28,3.35,22537,0.23,0.17,0.11,0.37,0.32,0.11,0.06,2.90,7952,2.30,3457,9799
Willowbrook,No,74,2.01,2.12,36793,0.08,0.01,0.32,0.65,0.00,0.23,0.19,4.15,9328,3.80,2455,9682
West Hills,Yes,74,1.87,1.83,39577,0.18,0.63,0.04,0.15,0.15,0.06,0.02,2.98,13379,8.50,1574,4656
Harvard Heights,Yes,73,2.93,4.05,24906,0.12,0.05,0.08,0.62,0.24,0.25,0.26,3.24,8242,0.80,10303,31133
Vermont Knolls,Yes,73,2.83,4.24,25767,0.09,0.01,0.38,0.58,0.01,0.34,0.13,3.31,8663,1.10,7875,23425
Hancock Park,Yes,70,6.11,4.11,11451,0.14,0.67,0.01,0.08,0.20,0.06,0.00,2.28,5698,1.50,3799,7634
Manhattan Beach,No,68,1.91,1.89,35573,0.17,0.75,0.01,0.09,0.11,0.03,0.01,2.61,15363,4.00,3841,8893
Hollywood Hills,Yes,68,3.33,2.31,20391,0.13,0.74,0.03,0.11,0.06,0.11,0.02,1.85,13738,7.00,1963,2913
Brentwood,Yes,68,2.01,2.20,33846,0.20,0.81,0.01,0.06,0.09,0.07,0.02,2.29,16707,15.20,1099,2227
Rowland Heights,No,67,1.57,1.31,42748,0.18,0.11,0.01,0.24,0.62,0.11,0.12,3.49,12873,13.20,975,3238
Carthay,Yes,67,21.00,4.66,3191,0.15,0.68,0.06,0.15,0.04,0.09,0.08,2.26,1600,0.50,3200,6382
Temple City,No,65,1.89,1.78,34401,0.18,0.15,0.01,0.23,0.59,0.13,0.09,3.19,11546,4.00,2887,8600
Cerritos,No,64,1.28,1.28,50172,0.23,0.15,0.07,0.13,0.61,0.05,0.05,3.22,16231,8.90,1824,5637
Glendora,No,64,1.16,1.21,55224,0.15,0.52,0.03,0.30,0.12,0.09,0.04,2.98,17757,19.50,911,2832
Hacienda Heights,No,64,1.17,1.14,54766,0.19,0.13,0.01,0.46,0.39,0.08,0.05,3.43,16960,11.90,1425,4602
Porter Ranch,Yes,64,2.35,1.80,27205,0.21,0.52,0.02,0.13,0.28,0.04,0.01,3.12,9338,5.60,1668,4858
Lennox,No,63,2.94,2.79,21456,0.07,0.02,0.03,0.93,0.02,0.22,0.31,4.08,5569,1.10,5063,19505
Mar Vista,Yes,62,1.66,1.46,37419,0.14,0.50,0.05,0.28,0.13,0.12,0.07,2.41,16214,2.90,5591,12903
West Los Angeles,Yes,61,3.09,1.62,19736,0.16,0.68,0.03,0.07,0.18,0.09,0.03,2.29,9234,1.00,9234,19736
Vermont Square,Yes,61,1.32,7.97,46335,0.10,0.01,0.27,0.69,0.01,0.26,0.21,3.59,13232,2.50,5293,18534
Mount Washington,Yes,59,3.76,2.44,15688,0.14,0.29,0.03,0.51,0.15,0.10,0.08,2.78,5764,1.90,3034,8257
Del Rey,Yes,58,2.01,1.94,28866,0.15,0.38,0.03,0.39,0.15,0.15,0.08,2.46,13001,2.50,5200,11546
Studio City,Yes,57,1.31,2.54,43458,0.14,0.70,0.06,0.13,0.07,0.07,0.03,2.10,21703,6.30,3445,6898
Harbor City,Yes,57,2.20,1.96,25966,0.11,0.17,0.11,0.48,0.20,0.20,0.13,3.07,8899,2.60,3423,9987
Walnut Park,No,56,3.49,3.47,16034,0.12,0.01,0.00,0.97,0.01,0.19,0.26,4.26,3840,0.70,5486,22906
Westwood,Yes,56,1.03,1.03,54541,0.13,0.53,0.02,0.12,0.28,0.30,0.08,2.29,21511,3.70,5814,14741
Venice,Yes,52,1.44,1.53,36149,0.15,0.70,0.06,0.16,0.04,0.10,0.03,1.99,21139,3.20,6606,11297
Arcadia,No,51,0.93,0.88,54967,0.18,0.23,0.01,0.11,0.62,0.09,0.04,3.00,20022,11.20,1788,4908
West Whittier-Los Nietos,No,51,2.10,1.89,24274,0.13,0.07,0.01,0.89,0.01,0.09,0.16,4.00,6337,2.60,2437,9336
La Puente,No,50,1.31,1.23,38031,0.11,0.04,0.01,0.85,0.11,0.17,0.18,4.54,9009,3.50,2574,10866
Rosemead,No,50,1.03,0.90,48618,0.16,0.03,0.00,0.33,0.63,0.17,0.19,3.79,13735,5.20,2641,9350
Calabasas,No,47,3.60,1.93,13072,0.19,0.76,0.01,0.06,0.10,0.06,0.01,2.79,4926,18.50,266,707
San Gabriel,No,44,1.00,1.07,44103,0.16,0.12,0.01,0.26,0.61,0.12,0.10,3.23,14554,4.20,3465,10501
Mid-City,Yes,43,0.85,2.86,50738,0.11,0.18,0.23,0.48,0.07,0.16,0.11,2.71,20786,3.50,5939,14497
Diamond Bar,No,41,0.88,0.71,46346,0.16,0.18,0.04,0.18,0.56,0.06,0.03,3.12,15356,15.10,1017,3069
La Canada Flintridge,No,41,2.08,1.98,19686,0.18,0.58,0.00,0.08,0.30,0.03,0.01,3.16,6705,8.60,780,2289
Lomita,No,40,2.00,1.93,19957,0.16,0.44,0.04,0.31,0.17,0.11,0.05,2.54,8238,1.90,4336,10504
Palos Verdes Estates,No,40,2.96,2.96,13523,0.26,0.66,0.01,0.09,0.20,0.05,0.01,2.84,5442,4.70,1158,2877
Leimert Park,Yes,39,3.40,2.56,11457,0.19,0.05,0.71,0.18,0.03,0.15,0.02,2.11,5840,1.20,4867,9548
Pacific Palisades,Yes,39,1.61,1.83,24281,0.23,0.83,0.01,0.06,0.05,0.04,0.01,2.52,10492,22.80,460,1065
South El Monte,No,38,2.08,1.82,18290,0.11,0.02,0.00,0.87,0.11,0.20,0.22,3.96,4483,2.90,1546,6307
Los Feliz,Yes,36,1.02,1.67,35311,0.14,0.68,0.02,0.15,0.12,0.10,0.04,1.99,19995,2.60,7690,13581
Valinda,No,35,1.64,1.50,21344,0.11,0.05,0.01,0.75,0.18,0.12,0.15,4.71,4622,2.00,2311,10672
Atwater Village,Yes,34,3.04,2.32,11185,0.16,0.32,0.01,0.41,0.20,0.09,0.09,2.57,4643,1.80,2579,6214
Beverlywood,Yes,33,8.40,2.51,3929,0.16,0.84,0.02,0.02,0.11,0.02,0.01,3.00,1419,0.80,1774,4911
Beverly Crest,Yes,33,2.85,2.63,11591,0.25,0.83,0.01,0.05,0.08,0.06,0.01,2.49,5364,8.20,654,1414
Adams-Normandie,Yes,32,1.75,3.90,18237,0.09,0.06,0.23,0.61,0.08,0.32,0.20,3.25,5779,0.80,7224,22796
Agoura Hills,No,31,1.64,1.48,18943,0.14,0.74,0.03,0.12,0.09,0.05,0.02,2.82,7044,8.10,870,2339
Malibu,No,31,2.99,2.39,10385,0.22,0.80,0.01,0.08,0.05,0.07,0.02,2.32,5530,19.90,278,522
San Dimas,No,31,0.87,0.90,35829,0.18,0.46,0.02,0.34,0.15,0.08,0.03,2.96,12466,15.60,799,2297
Santa Fe Springs,No,31,1.49,1.69,20794,0.14,0.09,0.03,0.82,0.05,0.15,0.12,3.56,5992,8.90,673,2336
Bel-Air,Yes,31,4.07,3.68,7623,0.27,0.75,0.03,0.07,0.10,0.03,0.01,2.58,3449,6.40,539,1191
El Segundo,No,30,1.78,1.79,16850,0.12,0.65,0.02,0.18,0.09,0.08,0.03,2.55,6975,5.50,1268,3064
Century City,Yes,30,12.96,2.35,2314,0.47,0.70,0.01,0.01,0.24,0.04,0.02,1.67,1962,0.70,2803,3306
Quartz Hill,No,29,3.07,2.25,9443,0.16,0.58,0.07,0.28,0.04,0.11,0.02,2.86,3480,3.80,916,2485
Claremont,No,28,0.73,0.77,38195,0.20,0.50,0.05,0.27,0.13,0.09,0.02,2.70,13478,16.70,807,2287
South San Jose Hills,No,28,1.18,1.38,23798,0.11,0.04,0.02,0.80,0.13,0.15,0.18,4.64,5421,1.50,3614,15865
View Park-Windsor Hills,No,28,2.42,2.41,11580,0.22,0.07,0.79,0.09,0.02,0.08,0.01,2.40,5127,1.80,2848,6433
Echo Park,Yes,27,0.76,1.89,35650,0.10,0.26,0.04,0.53,0.14,0.21,0.13,2.62,13982,2.40,5826,14854
Elysian Valley,Yes,26,3.82,2.56,6799,0.15,0.11,0.01,0.64,0.23,0.11,0.12,3.30,2171,0.80,2714,8499
Hermosa Beach,No,25,1.27,1.27,19650,0.12,0.79,0.01,0.09,0.06,0.05,0.01,2.16,10049,1.50,6699,13100
Lake Los Angeles,No,25,2.18,1.92,11467,0.11,0.33,0.11,0.53,0.01,0.30,0.03,3.48,3732,7.00,533,1638
Walnut,No,25,0.83,0.82,30008,0.19,0.11,0.03,0.21,0.64,0.07,0.02,3.29,9567,9.00,1063,3334
West Puente Valley,No,24,1.03,2.44,23400,0.13,0.04,0.02,0.83,0.10,0.11,0.14,4.60,5226,1.90,2751,12316
Jefferson Park,Yes,23,0.92,2.85,25114,0.11,0.06,0.33,0.54,0.04,0.23,0.15,3.10,8585,1.40,6132,17939
Stevenson Ranch,No,21,3.51,1.00,5979,0.10,0.53,0.03,0.16,0.24,0.08,0.01,3.46,1771,3.10,571,1929
Playa Vista,Yes,20,1.51,1.83,13249,0.09,0.48,0.08,0.16,0.25,0.10,0.02,2.24,6730,1.30,5177,10192
Unincorporated Santa Monica Mountains,No,19,0.68,1.02,27871,0.18,0.76,0.02,0.10,0.08,0.08,0.01,2.58,11242,89.30,126,312
La Verne,No,18,0.53,0.54,34177,0.19,0.50,0.04,0.36,0.07,0.07,0.03,2.81,12361,8.60,1437,3974
Cheviot Hills,Yes,18,1.98,1.96,9094,0.19,0.75,0.02,0.12,0.09,0.05,0.01,2.49,3974,1.50,2649,6063
La Crescenta-Montrose,No,17,0.84,0.86,20188,0.16,0.52,0.00,0.18,0.27,0.07,0.04,2.89,7746,3.40,2278,5938
Ladera Heights,No,17,2.36,2.40,7210,0.27,0.14,0.70,0.06,0.05,0.09,0.01,2.48,3010,2.90,1038,2486
Manchester Square,Yes,16,1.82,1.87,8776,0.16,0.03,0.70,0.24,0.01,0.20,0.05,2.83,3321,1.00,3321,8776
Artesia,No,15,0.89,0.89,16817,0.15,0.19,0.04,0.37,0.36,0.10,0.13,3.78,4853,1.60,3033,10511
Commerce,No,15,1.11,1.15,13510,0.13,0.02,0.03,0.92,0.01,0.19,0.15,3.61,3698,6.60,560,2047
Avocado Heights,No,14,1.41,2.07,9957,0.15,0.06,0.01,0.84,0.09,0.11,0.12,4.22,2470,2.90,852,3433
South San Gabriel,No,14,1.04,1.58,13412,0.19,0.05,0.00,0.38,0.55,0.10,0.18,3.39,3910,1.40,2793,9580
Rolling Hills Estates,No,13,1.58,1.60,8232,0.24,0.56,0.02,0.10,0.28,0.04,0.02,2.73,3163,3.80,832,2166
Toluca Lake,Yes,13,1.22,1.49,10674,0.14,0.70,0.05,0.13,0.08,0.10,0.04,1.99,5654,1.20,4712,8895
Rancho Dominguez,No,12,3.58,4.51,3356,0.17,0.24,0.29,0.41,0.04,0.10,0.08,3.22,1084,2.70,401,1243
San Marino,No,12,0.90,0.90,13285,0.22,0.32,0.01,0.10,0.54,0.09,0.01,2.92,5051,3.80,1329,3496
Rancho Park,Yes,12,4.80,1.83,2500,0.18,0.48,0.02,0.19,0.26,0.07,0.06,2.54,1031,0.60,1718,4167
Hawaiian Gardens,No,11,1.03,0.75,10645,0.10,0.06,0.03,0.82,0.07,0.25,0.22,3.93,2761,1.00,2761,10645
Marina del Rey,No,11,1.13,1.17,9771,0.11,0.70,0.07,0.10,0.09,0.14,0.02,1.75,6132,1.50,4088,6514
Elysian Park,Yes,11,58.20,1.93,189,0.24,0.31,0.02,0.46,0.21,0.72,0.32,2.33,69,1.60,43,118
Del Aire,No,10,0.72,2.28,13911,0.11,0.26,0.10,0.52,0.06,0.12,0.09,3.24,4729,1.00,4729,13911
Chinatown,Yes,10,0.44,1.25,22945,0.12,0.13,0.15,0.35,0.34,0.32,0.19,2.54,5838,0.90,6487,25494
East La Mirada,No,9,0.87,1.70,10391,0.15,0.36,0.00,0.56,0.05,0.09,0.08,3.08,3471,1.10,3155,9446
Signal Hill,No,9,0.78,0.76,11555,0.11,0.32,0.11,0.29,0.26,0.14,0.06,2.57,4776,2.20,2171,5252
Shadow Hills,Yes,9,0.68,2.03,13207,0.19,0.72,0.01,0.16,0.09,0.08,0.03,2.80,4819,12.80,376,1032
Acton,No,8,1.05,1.00,7613,0.16,0.72,0.02,0.21,0.02,0.09,0.03,2.86,2884,39.30,73,194
Industry,No,7,0.26,16.02,27091,0.15,0.11,0.01,0.57,0.31,0.10,0.14,3.98,7456,12.40,601,2185
North Whittier,No,6,2.07,0.72,2904,0.15,0.19,0.01,0.61,0.16,0.07,0.00,2.81,1121,5.50,204,528
Westlake Village,No,6,1.41,0.72,4258,0.27,0.80,0.00,0.10,0.08,0.05,0.01,2.70,1818,5.60,325,760
Sierra Madre,No,5,0.45,0.46,11006,0.22,0.67,0.01,0.16,0.11,0.06,0.02,2.53,5075,3.00,1692,3669
La Habra Heights,No,4,0.36,0.73,11118,0.23,0.52,0.00,0.33,0.13,0.03,0.03,3.11,3630,6.20,585,1793
Agua Dulce,No,2,0.49,0.48,4074,0.17,0.78,0.00,0.16,0.02,0.09,0.02,2.96,1361,31.50,43,129
Irwindale,No,2,1.42,1.37,1405,0.14,0.05,0.00,0.93,0.01,0.09,0.08,3.67,415,9.60,43,146
Rolling Hills,No,2,1.23,1.03,1630,0.32,0.73,0.01,0.06,0.16,0.02,0.01,2.74,712,3.60,198,453
Unincorporated Catalina Island,No,2,4.91,7.49,407,0.11,0.59,0.00,0.28,0.01,0.03,0.13,2.17,208,72.50,3,6
Bradbury,No,1,0.92,0.94,1092,0.34,0.49,0.01,0.10,0.38,0.09,0.00,2.70,535,1.90,282,575
Leona Valley,No,1,0.25,0.57,3935,0.16,0.79,0.07,0.11,0.01,0.05,0.00,3.01,1356,15.30,89,257
Vernon,No,1,19.23,4.78,52,0.12,0.12,0.02,0.81,0.05,0.04,0.00,2.42,24,5.20,5,10
Playa del Rey,Yes,1,0.08,0.31,12527,0.16,0.64,0.05,0.12,0.13,0.07,0.01,2.11,6775,2.80,2420,4474
Avalon,No,0,0.00,0.00,3669,0.14,0.29,0.00,0.69,0.00,0.17,0.12,2.75,2287,2.70,847,1359
Charter Oak,No,0,0.00,0.00,17549,0.15,0.28,0.03,0.53,0.13,0.10,0.06,3.20,5682,0.90,6313,19499
East Pasadena,No,0,0.00,0.00,6077,0.18,0.23,0.02,0.42,0.30,0.05,0.04,3.20,2223,1.30,1710,4675
Hidden Hills,No,0,0.00,0.00,5568,0.13,0.79,0.00,0.09,0.09,0.07,0.03,2.84,2054,1.70,1208,3275
San Pasqual,No,0,0.00,0.00,1932,0.18,0.53,0.05,0.19,0.20,0.08,0.02,2.20,996,0.30,3320,6440
Southeast Antelope Valley,No,0,0.00,0.00,7753,0.18,0.43,0.05,0.46,0.02,0.19,0.05,3.06,2801,193.00,15,40
